problem,obs,metric,scores,real_goal,pred_goal,correct
output/skgrid_gr/,0.1,MaxUtil,"[(1, -0.1241632732219451), (0, -0.06404194303999988), (2, -0.006258199077664641), (3, -0.0018623864571932624)]",0,1,False
output/skgrid_gr/,0.1,DP,"[(0, -2), (1, -2), (2, -2), (3, 0)]",0,2,False
output/skgrid_gr/,0.1,KL,"[(0, 0.891204281829242), (1, 1.2635701634201115), (2, 1.3657834532016815), (3, 2.7536239101096616)]",0,0,True
output/skgrid_gr/,0.1,KL2,"[(0, 0.8911623954337131), (1, 1.2635267279085889), (2, 1.3657409832567655), (3, 2.7535776257800864)]",0,0,True
output/skgrid_gr/,0.3,MaxUtil,"[(1, -0.19061236888933958), (0, -0.1039289956022689), (2, -0.008208718704003323), (3, -0.0004839395572536028)]",0,1,False
output/skgrid_gr/,0.3,DP,"[(0, -4), (1, -4), (2, -4), (3, -1)]",0,2,False
output/skgrid_gr/,0.3,KL,"[(0, 0.6867555653991222), (1, 1.4621173819362414), (2, 1.5549662967757525), (3, 2.072200710513394)]",0,0,True
output/skgrid_gr/,0.3,KL2,"[(0, 0.6867026093103117), (1, 1.4620619681397993), (2, 1.5549128155438576), (3, 2.0721457716374583)]",0,0,True
output/skgrid_gr/,0.5,MaxUtil,"[(0, -1.4048515900284073), (1, -0.037261763513417104), (2, -0.012038156622750075), (3, -0.002693901821554791)]",0,0,True
output/skgrid_gr/,0.5,DP,"[(0, -6), (1, -2), (2, -2), (3, 0)]",0,0,True
output/skgrid_gr/,0.5,KL,"[(0, 0.7277572354890441), (2, 2.121032295938357), (1, 2.679507094712273), (3, 2.730371622796691)]",0,0,True
output/skgrid_gr/,0.5,KL2,"[(0, 0.7277191912703113), (2, 2.1209895669797683), (1, 2.6794616435307916), (3, 2.730326363442556)]",0,0,True
output/skgrid_gr/,0.7,MaxUtil,"[(0, -0.6655560160913143), (1, -0.2392386981628655), (2, -0.015055739834181384), (3, -0.0028954326716684672)]",0,0,True
output/skgrid_gr/,0.7,DP,"[(0, -9), (1, -2), (2, -2), (3, 0)]",0,0,True
output/skgrid_gr/,0.7,KL,"[(0, 0.8383677728176894), (1, 2.342099253603861), (2, 2.522113392083596), (3, 3.1485614315220505)]",0,0,True
output/skgrid_gr/,0.7,KL2,"[(0, 0.8383210676556321), (1, 2.34204702231543), (2, 2.5220618727513644), (3, 3.148507566309772)]",0,0,True
output/skgrid_gr/,1.0,MaxUtil,"[(0, -1.6664335312998872), (1, -0.2760572391389405), (2, -0.022196351394690325), (3, -0.0034512689464517433)]",0,0,True
output/skgrid_gr/,1.0,DP,"[(0, -12), (1, -3), (2, -2), (3, 0)]",0,0,True
output/skgrid_gr/,1.0,KL,"[(0, 0.8511866367936961), (1, 2.53239708726497), (2, 2.63420714844116), (3, 3.1997329728553403)]",0,0,True
output/skgrid_gr/,1.0,KL2,"[(0, 0.851141207867391), (1, 2.532345432546912), (2, 2.634156181665443), (3, 3.199679905363895)]",0,0,True
output/skgrid_gr2/,0.1,MaxUtil,"[(0, -0.06399999999999988), (3, -0.06399991842648114), (2, -0.025537502250717378), (1, -0.00409599999999507)]",0,0,True
output/skgrid_gr2/,0.1,DP,"[(0, -1), (1, -1), (2, -1), (3, -1)]",0,3,False
output/skgrid_gr2/,0.1,KL,"[(0, 0.565597175853614), (2, 1.2129496449463637), (1, 1.2141031506064521), (3, 1.2141252230677586)]",0,0,True
output/skgrid_gr2/,0.1,KL2,"[(0, 0.5655409846378449), (2, 1.212890845915329), (1, 1.2140443157579608), (3, 1.2140663879993967)]",0,0,True
output/skgrid_gr2/,0.3,MaxUtil,"[(0, -1.0646553599999993), (2, -0.4264842662863985), (1, -0.06797473247743073), (3, -0.06757247176932825)]",0,0,True
output/skgrid_gr2/,0.3,DP,"[(0, -3), (1, -3), (2, -3), (3, -2)]",0,2,False
output/skgrid_gr2/,0.3,KL,"[(0, 0.7103981171740162), (2, 1.1426850793411727), (1, 1.1433341670693693), (3, 2.157148637429191)]",0,0,True
output/skgrid_gr2/,0.3,KL2,"[(0, 0.7103519031477706), (2, 1.1426371143911915), (1, 1.1432861884214507), (3, 2.157096811068335)]",0,0,True
output/skgrid_gr2/,0.5,MaxUtil,"[(0, -0.47038975999985977), (2, -0.19284439499062514), (3, -0.08041171876104887), (1, -0.030093673640154552)]",0,0,True
output/skgrid_gr2/,0.5,DP,"[(0, -5), (1, -5), (3, -4), (2, -2)]",0,1,False
output/skgrid_gr2/,0.5,KL,"[(0, 0.87065139525313), (1, 1.136607193129882), (2, 1.5164446539425582), (3, 1.6640453277102616)]",0,0,True
output/skgrid_gr2/,0.5,KL2,"[(0, 0.8706066034810265), (1, 1.1365613160917611), (2, 1.5163973694003823), (3, 1.663997351636817)]",0,0,True
output/skgrid_gr2/,0.7,MaxUtil,"[(0, -0.6621337599999992), (2, -0.2694428095558405), (3, -0.1377551425537574), (1, -0.042370643131602104)]",0,0,True
output/skgrid_gr2/,0.7,DP,"[(0, -7), (1, -7), (2, -7), (3, -5)]",0,2,False
output/skgrid_gr2/,0.7,KL,"[(0, 0.6819934354738946), (1, 1.1078995973392327), (2, 1.153489112492588), (3, 1.8205387275601246)]",0,0,True
output/skgrid_gr2/,0.7,KL2,"[(0, 0.6819458659158322), (1, 1.1078502180965575), (2, 1.1534395683985983), (3, 1.8204865158942238)]",0,0,True
output/skgrid_gr2/,1.0,MaxUtil,"[(0, -1.666229759999859), (2, -0.6703893711106415), (3, -0.14476833573255335), (1, -0.1064583675548161)]",0,0,True
output/skgrid_gr2/,1.0,DP,"[(0, -9), (1, -9), (3, -6), (2, -2)]",0,1,False
output/skgrid_gr2/,1.0,KL,"[(0, 0.716731392915508), (1, 1.1238804009818075), (2, 1.3704531959204276), (3, 2.0124581250472264)]",0,0,True
output/skgrid_gr2/,1.0,KL2,"[(0, 0.7166834110807198), (1, 1.1238307017218943), (2, 1.3704025820542294), (3, 2.0124049556672983)]",0,0,True
output/skgrid_gr3/,0.1,MaxUtil,"[(0, -0.06399899782351225), (3, -0.06345781539877941), (2, -0.00019050403045688176), (1, -0.00017891711318281458)]",0,0,True
output/skgrid_gr3/,0.1,DP,"[(0, -1), (3, -1), (1, 0), (2, 0)]",0,3,False
output/skgrid_gr3/,0.1,KL,"[(0, 1.214127698292581), (3, 1.2204598594018827), (2, 4.2316750145965925), (1, 4.309468742237514)]",0,0,True
output/skgrid_gr3/,0.1,KL2,"[(0, 1.214068863297282), (3, 1.2204009970802998), (2, 4.231604626266758), (1, 4.309398034188728)]",0,0,True
output/skgrid_gr3/,0.3,MaxUtil,"[(0, -0.425599999999147), (3, -0.031873383776941835), (1, -0.0014003639833629132), (2, -0.0006506968525103293)]",0,0,True
output/skgrid_gr3/,0.3,DP,"[(0, -2), (3, -1), (1, 0), (2, 0)]",0,0,True
output/skgrid_gr3/,0.3,KL,"[(0, 0.8073295913578916), (3, 2.420356774326819), (1, 2.7722409068200973), (2, 4.989573040965076)]",0,0,True
output/skgrid_gr3/,0.3,KL2,"[(0, 0.8072805218176863), (3, 2.4203015123457456), (1, 2.7721839574770595), (2, 4.9895081633326415)]",0,0,True
output/skgrid_gr3/,0.5,MaxUtil,"[(0, -1.1855999871728362), (3, -0.0494946040563812), (1, -0.0014827924008354338), (2, -0.0006832554858003972)]",0,0,True
output/skgrid_gr3/,0.5,DP,"[(0, -3), (3, -1), (1, 0), (2, 0)]",0,0,True
output/skgrid_gr3/,0.5,KL,"[(0, 0.6712426026859933), (1, 2.768003902568367), (3, 2.9325536566179817), (2, 6.015556909786912)]",0,0,True
output/skgrid_gr3/,0.5,KL2,"[(0, 0.6711967928566475), (1, 2.7679498264432545), (3, 2.9324993588619552), (2, 6.015491540541537)]",0,0,True
output/skgrid_gr3/,0.7,MaxUtil,"[(0, -1.6495989849963482), (3, -0.11922598957114686), (1, -0.0024106101838292813), (2, -0.0008781474399480343)]",0,0,True
output/skgrid_gr3/,0.7,DP,"[(0, -5), (3, -2), (1, 0), (2, 0)]",0,0,True
output/skgrid_gr3/,0.7,KL,"[(0, 0.725677977073236), (3, 2.728942094658782), (1, 2.8584282729984025), (2, 5.676601321284857)]",0,0,True
output/skgrid_gr3/,0.7,KL2,"[(0, 0.7256308633748736), (3, 2.728887405749173), (1, 2.858372793026763), (2, 5.676535961258892)]",0,0,True
output/skgrid_gr3/,1.0,MaxUtil,"[(0, -1.6598389849963482), (3, -0.12946598791149644), (1, -0.004048993547140701), (2, -0.002516537760098027)]",0,0,True
output/skgrid_gr3/,1.0,DP,"[(0, -6), (3, -3), (1, 0), (2, 0)]",0,0,True
output/skgrid_gr3/,1.0,KL,"[(0, 0.8070856311779658), (3, 2.4764723624477316), (1, 3.025022478318622), (2, 5.373498983054895)]",0,0,True
output/skgrid_gr3/,1.0,KL2,"[(0, 0.807036563918866), (3, 2.476416982513937), (1, 3.0249646765862033), (2, 5.373432947947983)]",0,0,True
output/skgrid_gr4/,0.1,MaxUtil,"[(0, -1.0255894868710334), (3, -0.24783665203067765), (1, -0.12065057021591967), (2, -0.011087406180823722)]",0,0,True
output/skgrid_gr4/,0.1,DP,"[(0, -2), (1, -1), (2, -1), (3, -1)]",0,0,True
output/skgrid_gr4/,0.1,KL,"[(0, 0.384314661860768), (3, 2.0832774668682768), (1, 2.408988047332431), (2, 3.794254242835123)]",0,0,True
output/skgrid_gr4/,0.1,KL2,"[(0, 0.38427551773822816), (3, 2.0832318460562496), (1, 2.408940757360983), (2, 3.794202931571371)]",0,0,True
output/skgrid_gr4/,0.3,MaxUtil,"[(0, -1.0654358917398123), (3, -0.4983362736838125), (1, -0.16932328112285133), (2, -0.028441711811504507)]",0,0,True
output/skgrid_gr4/,0.3,DP,"[(0, -4), (1, -3), (3, -3), (2, -1)]",0,0,True
output/skgrid_gr4/,0.3,KL,"[(0, 0.7583384116050822), (3, 1.565823970266194), (1, 1.7365649413429156), (2, 3.277722837075623)]",0,0,True
output/skgrid_gr4/,0.3,KL2,"[(0, 0.758301406676075), (3, 1.5657839586043174), (1, 1.7365240477862067), (2, 3.277676844139293)]",0,0,True
output/skgrid_gr4/,0.5,MaxUtil,"[(3, -1.2296197091025625), (1, -0.5994482979496897), (0, -0.5963555163775112), (2, -0.1260935495533529)]",0,3,False
output/skgrid_gr4/,0.5,DP,"[(0, -6), (1, -6), (2, -5), (3, -5)]",0,1,False
output/skgrid_gr4/,0.5,KL,"[(0, 0.5961207212505775), (3, 0.648187853198477), (1, 1.0915282794913608), (2, 1.7186049556168523)]",0,0,True
output/skgrid_gr4/,0.5,KL2,"[(0, 0.5960832961324712), (3, 0.8734481981833602), (1, 1.0914883616168887), (2, 1.7185636462925187)]",0,0,True
output/skgrid_gr4/,0.7,MaxUtil,"[(3, -1.7479830013213975), (0, -1.6640500646754195), (1, -0.7675086072037113), (2, -0.12552863769380332)]",0,3,False
output/skgrid_gr4/,0.7,DP,"[(0, -9), (3, -7), (1, -2), (2, -1)]",0,0,True
output/skgrid_gr4/,0.7,KL,"[(0, 0.642811178155348), (3, 1.0626127406400419), (1, 1.6040779211480545), (2, 3.02807915129905)]",0,0,True
output/skgrid_gr4/,0.7,KL2,"[(0, 0.6427726287722584), (3, 1.1667242328523781), (1, 1.6040352485571916), (2, 3.028032187572417)]",0,0,True
output/skgrid_gr4/,1.0,MaxUtil,"[(3, -1.753929521070181), (0, -1.6649937527201448), (1, -0.7734624807645308), (2, -0.15906744159756242)]",0,3,False
output/skgrid_gr4/,1.0,DP,"[(0, -12), (3, -10), (1, -5), (2, -4)]",0,0,True
output/skgrid_gr4/,1.0,KL,"[(0, 0.7520459834054293), (3, 1.0665836093461312), (1, 1.4721480285977762), (2, 2.5503900306719554)]",0,0,True
output/skgrid_gr4/,1.0,KL2,"[(0, 0.7520077683328957), (3, 1.144327021499583), (1, 1.4721067248350392), (2, 2.5503454646683665)]",0,0,True
output/skgrid_gr5/,0.1,MaxUtil,"[(0, -0.39999999999999963), (1, -0.06281236670704683), (2, -0.04836801926460415), (3, -0.000651291881688577)]",0,0,True
output/skgrid_gr5/,0.1,DP,"[(0, -1), (1, -1), (2, 0), (3, 0)]",0,1,False
output/skgrid_gr5/,0.1,KL,"[(0, 0.5655971758541973), (1, 1.2218300143333316), (2, 3.5320161948338074), (3, 4.568772067494862)]",0,0,True
output/skgrid_gr5/,0.1,KL2,"[(0, 0.5655409846384284), (1, 1.2217712123724953), (2, 3.531948584083039), (3, 4.568700898771149)]",0,0,True
output/skgrid_gr5/,0.3,MaxUtil,"[(0, -0.4895999999999995), (2, -0.1376168698694395), (1, -0.0771396157730673), (3, -0.036305131476286195)]",0,0,True
output/skgrid_gr5/,0.3,DP,"[(0, -3), (1, -3), (2, -2), (3, 0)]",0,1,False
output/skgrid_gr5/,0.3,KL,"[(0, 0.5655971758493806), (1, 1.2164961232454532), (2, 1.985560706355005), (3, 4.101582298176222)]",0,0,True
output/skgrid_gr5/,0.3,KL2,"[(0, 0.5655409846336116), (1, 1.2164373050761335), (2, 1.9854989807680177), (3, 4.10151228067055)]",0,0,True
output/skgrid_gr5/,0.5,MaxUtil,"[(0, -1.435839999999999), (1, -0.22810999204313737), (2, -0.09123060345363944), (3, -0.09030592799725728)]",0,0,True
output/skgrid_gr5/,0.5,DP,"[(0, -4), (1, -4), (2, -2), (3, 0)]",0,1,False
output/skgrid_gr5/,0.5,KL,"[(0, 0.5243323637980934), (1, 1.189470392265202), (2, 2.7664224556611505), (3, 4.352997218859249)]",0,0,True
output/skgrid_gr5/,0.5,KL2,"[(0, 0.5242803943759413), (1, 1.189415628341328), (2, 2.7663619129622026), (3, 4.352931182698044)]",0,0,True
output/skgrid_gr5/,0.7,MaxUtil,"[(0, -1.2598399999999992), (2, -0.2613084854999531), (1, -0.20109852799946798), (3, -0.10289207483341278)]",0,0,True
output/skgrid_gr5/,0.7,DP,"[(0, -5), (1, -5), (2, -4), (3, 0)]",0,1,False
output/skgrid_gr5/,0.7,KL,"[(0, 0.5325853262092816), (1, 1.1928773154262866), (2, 1.9923812125187141), (3, 4.153151253402648)]",0,0,True
output/skgrid_gr5/,0.7,KL2,"[(0, 0.5325325124284059), (1, 1.1928217333081301), (2, 1.9923228296434132), (3, 4.153084758332748)]",0,0,True
output/skgrid_gr5/,1.0,MaxUtil,"[(0, -1.6639359999999987), (2, -0.3137725046967537), (1, -0.26456625418805224), (3, -0.2635433667151011)]",0,0,True
output/skgrid_gr5/,1.0,DP,"[(0, -7), (3, -1), (1, 0), (2, 0)]",0,0,True
output/skgrid_gr5/,1.0,KL,"[(0, 0.6199364429330837), (1, 1.563014994195351), (2, 2.4641156817439414), (3, 3.6764380376947874)]",0,0,True
output/skgrid_gr5/,1.0,KL2,"[(0, 0.6198845974315234), (1, 1.5629592875710645), (2, 2.4640567161806612), (3, 3.676374759392712)]",0,0,True
output/skgrid_gr6/,0.1,MaxUtil,"[(0, -1.1599999999999993), (3, -2.037665152101641e-08), (1, -0.0), (2, 0)]",0,0,True
output/skgrid_gr6/,0.1,DP,"[(0, -2), (1, 0), (2, 0), (3, 0)]",0,0,True
output/skgrid_gr6/,0.1,KL,"[(0, 0.21412480535284553), (1, nan), (2, nan), (3, 7.778395125578133)]",0,0,True
output/skgrid_gr6/,0.1,KL2,"[(1, 0.0), (0, 0.21410276131222483), (2, 1.9999358772156615), (3, 3.8891638028815962)]",0,1,False
output/skgrid_gr6/,0.3,MaxUtil,"[(2, -1.469996543980869), (3, -0.6006377363190587), (1, -0.5996615427676286), (0, -0.002408442337540723)]",0,2,False
output/skgrid_gr6/,0.3,DP,"[(0, -6), (2, -6), (1, -3), (3, -2)]",0,2,False
output/skgrid_gr6/,0.3,KL,"[(0, 0.6406646695612969), (2, 0.640664700875204), (3, 1.7090191374532324), (1, 4.57294063388521)]",0,0,True
output/skgrid_gr6/,0.3,KL2,"[(0, 0.6406217318435663), (2, 0.6406217631571237), (3, 1.7089718141898462), (1, 4.57288496823844)]",0,0,True
output/skgrid_gr6/,0.5,MaxUtil,"[(2, -1.466555903999999), (0, -1.1880028051931129), (3, -0.6006422800356396), (1, -0.26369030024199963)]",0,2,False
output/skgrid_gr6/,0.5,DP,"[(0, -9), (2, -6), (3, -5), (1, -3)]",0,0,True
output/skgrid_gr6/,0.5,KL,"[(0, 0.4984846685793403), (2, 0.6406646995182724), (3, 3.3938262246287136), (1, 4.57293165893994)]",0,0,True
output/skgrid_gr6/,0.5,KL2,"[(0, 0.49844869542071496), (2, 1.0937264669386841), (3, 3.016689852213682), (1, 3.048583995555033)]",0,0,True
output/skgrid_gr6/,0.7,MaxUtil,"[(0, -1.440765578637326), (1, -0.8626560678340948), (3, -0.5407016770735243), (2, -0.5063346175808673)]",0,0,True
output/skgrid_gr6/,0.7,DP,"[(0, -13), (2, -8), (3, -3), (1, 0)]",0,0,True
output/skgrid_gr6/,0.7,KL,"[(0, 0.5627024777645158), (2, 0.7805657041146735), (3, 3.6309001084397052), (1, 4.878359919137728)]",0,0,True
output/skgrid_gr6/,0.7,KL2,"[(0, 0.5626663084515945), (2, 1.2495265413824586), (3, 3.3515542789408936), (1, 3.3772856339515154)]",0,0,True
output/skgrid_gr6/,1.0,MaxUtil,"[(0, -1.6666665521340551), (2, -1.6665967615808666), (1, -0.8908142078589816), (3, -0.8237189889525562)]",0,0,True
output/skgrid_gr6/,1.0,DP,"[(0, -18), (2, -11), (3, -4), (1, 0)]",0,0,True
output/skgrid_gr6/,1.0,KL,"[(0, 0.48658791588412903), (2, 0.6599751178146905), (3, 3.937657139105984), (1, 5.1874115211792295)]",0,0,True
output/skgrid_gr6/,1.0,KL2,"[(0, 0.48655375248010263), (2, 1.1810453779624583), (1, 3.4582363523577198), (3, 3.718853086160684)]",0,0,True
output/skgrid_gr7/,0.1,MaxUtil,"[(1, -0.44717718062979256), (3, -0.02969595936958735), (0, -0.02969267122343997), (2, -4.865392127079875e-05)]",0,1,False
output/skgrid_gr7/,0.1,DP,"[(0, -2), (2, -2), (1, -1), (3, 0)]",0,2,False
output/skgrid_gr7/,0.1,KL,"[(2, 0.8073195942602623), (0, 0.8075777958740002), (3, 2.1602408195862854), (1, 2.320361579066123)]",0,2,False
output/skgrid_gr7/,0.1,KL2,"[(2, 0.8072705248139611), (0, 0.8075287257301497), (3, 2.1601861071307185), (1, 2.3203066227857145)]",0,2,False
output/skgrid_gr7/,0.3,MaxUtil,"[(0, -0.6280926712247408), (3, -0.6246814566344404), (1, -0.4129423070779633), (2, -0.0010290724812709205)]",0,0,True
output/skgrid_gr7/,0.3,DP,"[(0, -4), (2, -4), (1, -1), (3, 0)]",0,2,False
output/skgrid_gr7/,0.3,KL,"[(2, 0.6039314142338605), (0, 0.604066782853228), (3, 1.6372886198193435), (1, 3.80072874913058)]",0,2,False
output/skgrid_gr7/,0.3,KL2,"[(2, 0.603887227465516), (0, 0.6040225956781287), (3, 1.6372399267444377), (1, 3.800673155566043)]",0,2,False
output/skgrid_gr7/,0.5,MaxUtil,"[(0, -1.2263986079642202), (3, -0.29143489641123005), (1, -0.2469521480681625), (2, -0.0020093314950758332)]",0,0,True
output/skgrid_gr7/,0.5,DP,"[(0, -6), (2, -6), (3, -5), (1, 0)]",0,2,False
output/skgrid_gr7/,0.5,KL,"[(2, 0.7716415788292189), (0, 0.7716444964200918), (3, 1.6929979550613012), (1, 3.4878086392883585)]",0,2,False
output/skgrid_gr7/,0.5,KL2,"[(2, 0.7715979385310315), (0, 0.7716008560996647), (3, 1.6929506812370303), (1, 3.4877556011590145)]",0,2,False
output/skgrid_gr7/,0.7,MaxUtil,"[(0, -1.6519986079629185), (3, -0.7136249211694443), (1, -0.29442275843629095), (2, -0.0027066345350757063)]",0,0,True
output/skgrid_gr7/,0.7,DP,"[(0, -8), (2, -8), (3, -7), (1, 0)]",0,2,False
output/skgrid_gr7/,0.7,KL,"[(2, 0.6788626535859476), (0, 0.6788633913810078), (3, 1.5483274819256196), (1, 3.6611555719149553)]",0,2,False
output/skgrid_gr7/,0.7,KL2,"[(2, 0.6788200973798476), (0, 0.678820835171645), (3, 1.5482813581806845), (1, 3.661102556123758)]",0,2,False
output/skgrid_gr7/,1.0,MaxUtil,"[(0, -1.6665933798667307), (1, -0.8748786426675723), (3, -0.7295980854890625), (2, -0.0027305521289573724)]",0,0,True
output/skgrid_gr7/,1.0,DP,"[(0, -11), (2, -11), (3, -4), (1, 0)]",0,2,False
output/skgrid_gr7/,1.0,KL,"[(0, 0.6597838150383181), (2, 0.6599061284566085), (3, 1.5382706434474), (1, 3.1442478587054654)]",0,0,True
output/skgrid_gr7/,1.0,KL2,"[(0, 0.6597419413877949), (2, 0.6598642533550365), (3, 1.5382251475928677), (1, 3.14419702110086)]",0,0,True
output/skgrid_gr8/,0.1,MaxUtil,"[(0, -0.16000003188583697), (2, -0.0019005439999999938), (3, -4.8653926399999806e-05), (1, -1.9461570559999914e-05)]",0,0,True
output/skgrid_gr8/,0.1,DP,"[(0, -3), (1, -2), (2, -2), (3, -2)]",0,0,True
output/skgrid_gr8/,0.1,KL,"[(0, 0.21412463010078872), (1, 0.21412480535284278), (3, 0.2141248053528465), (2, 0.21412480535284747)]",0,0,True
output/skgrid_gr8/,0.1,KL2,"[(2, 0.14273517420815118), (0, 0.21410258606178914), (1, 0.8093804666133685), (3, 0.809380466613371)]",0,2,False
output/skgrid_gr8/,0.3,MaxUtil,"[(1, -1.0102924120227834), (0, -0.18725526308785787), (2, -0.1651187514804203), (3, -0.025731030056959953)]",0,1,False
output/skgrid_gr8/,0.3,DP,"[(0, -8), (1, -6), (2, -5), (3, -5)]",0,0,True
output/skgrid_gr8/,0.3,KL,"[(3, 0.2085824690085269), (0, 0.23386580521691622), (1, 0.24057504583537384), (2, 2.241013587604829)]",0,3,False
output/skgrid_gr8/,0.3,KL2,"[(0, 0.23384166156635036), (1, 0.6803966201450546), (3, 0.8803262765559765), (2, 1.6807374451726558)]",0,0,True
output/skgrid_gr8/,0.5,MaxUtil,"[(3, -1.1712869234440626), (0, -1.0688636136113447), (1, -0.4685147693776891), (2, -0.21892203824634182)]",0,3,False
output/skgrid_gr8/,0.5,DP,"[(0, -12), (1, -9), (3, -9), (2, -7)]",0,0,True
output/skgrid_gr8/,0.5,KL,"[(3, 0.20796664412000027), (1, 0.20796665354144128), (0, 0.20861253024362425), (2, 1.6501244566897217)]",0,3,False
output/skgrid_gr8/,0.5,KL2,"[(0, 0.2085905706186488), (3, 0.6559424953570672), (1, 0.6559425024230826), (2, 1.2375715458996555)]",0,0,True
output/skgrid_gr8/,0.7,MaxUtil,"[(0, -1.2402891407436276), (1, -1.1921631625936873), (2, -0.5750176945407222), (3, -0.4804079063405486)]",0,0,True
output/skgrid_gr8/,0.7,DP,"[(0, -17), (1, -12), (3, -11), (2, -7)]",0,0,True
output/skgrid_gr8/,0.7,KL,"[(0, 0.32816824006740253), (3, 0.37216022255653664), (1, 0.3745250363528559), (2, 2.112501950469285)]",0,0,True
output/skgrid_gr8/,0.7,KL2,"[(0, 0.32814281092888253), (1, 0.8525681010027357), (3, 0.9466526417759877), (2, 1.4911537998205897)]",0,0,True
output/skgrid_gr8/,1.0,MaxUtil,"[(0, -1.6666665668155756), (1, -1.6666663803355108), (3, -1.6666659506951076), (2, -0.8747488103157276)]",0,0,True
output/skgrid_gr8/,1.0,DP,"[(0, -24), (1, -17), (3, -16), (2, -9)]",0,0,True
output/skgrid_gr8/,1.0,KL,"[(0, 0.3181749874366318), (3, 0.3577266154361525), (1, 0.36024493149867076), (2, 2.3461133289080944)]",0,0,True
output/skgrid_gr8/,1.0,KL2,"[(0, 0.3181483884165522), (1, 0.838467952938157), (3, 0.9051111693031025), (2, 1.6618046875168206)]",0,0,True
output/skgrid_gr9/,0.1,MaxUtil,"[(2, -0.39999999999999963), (3, -0.0019005439999999112), (1, -0.0007602175999999976), (0, -4.865392639948421e-05)]",0,2,False
output/skgrid_gr9/,0.1,DP,"[(0, -2), (1, -2), (3, -2), (2, -1)]",0,3,False
output/skgrid_gr9/,0.1,KL,"[(1, 0.7002689647700135), (3, 0.7002689647919771), (0, 0.7002689648195104), (2, 0.9999999999988)]",0,1,False
output/skgrid_gr9/,0.1,KL2,"[(1, 0.7002361829257542), (3, 0.7002361829477177), (0, 0.7002361829752508), (2, 1.4999548087836307)]",0,1,False
output/skgrid_gr9/,0.3,MaxUtil,"[(0, -1.0648021606399993), (1, -1.0125337599999995), (2, -0.08531242106978933), (3, -0.031334399999999936)]",0,0,True
output/skgrid_gr9/,0.3,DP,"[(0, -5), (1, -4), (3, -3), (2, 0)]",0,0,True
output/skgrid_gr9/,0.3,KL,"[(0, 0.3632553047375232), (1, 0.4005379295671778), (3, 0.4005379295837283), (2, 6.3086317160876)]",0,0,True
output/skgrid_gr9/,0.3,KL2,"[(0, 0.36321945269634376), (1, 0.7203860758638193), (3, 1.0402735262117102), (2, 3.323404025534844)]",0,0,True
output/skgrid_gr9/,0.5,MaxUtil,"[(2, -1.4939924168511594), (3, -1.0808919039999991), (1, -0.4323567615999996), (0, -0.02767083274239943)]",0,2,False
output/skgrid_gr9/,0.5,DP,"[(0, -7), (1, -7), (3, -7), (2, -2)]",0,3,False
output/skgrid_gr9/,0.5,KL,"[(0, 0.4831248140266845), (1, 0.48312481421392345), (3, 0.483124814218753), (2, 3.5519720134470583)]",0,0,True
output/skgrid_gr9/,0.5,KL2,"[(0, 0.4830874267311342), (1, 0.48308742691837125), (3, 0.48308742692320067), (2, 2.8227924937476856)]",0,0,True
output/skgrid_gr9/,0.7,MaxUtil,"[(2, -1.4941424040237647), (1, -1.1065967615999992), (3, -0.2664919039999995), (0, -0.23082219274239912)]",0,2,False
output/skgrid_gr9/,0.7,DP,"[(0, -10), (1, -9), (3, -8), (2, -2)]",0,0,True
output/skgrid_gr9/,0.7,KL,"[(0, 0.4583487486937784), (1, 0.4647721731776379), (3, 0.472801453640661), (2, 6.619748402797591)]",0,0,True
output/skgrid_gr9/,0.7,KL2,"[(0, 0.45831078637449735), (3, 0.5782010132233552), (1, 0.6182545116662899), (2, 4.833779103460705)]",0,0,True
output/skgrid_gr9/,1.0,MaxUtil,"[(0, -1.6666621927423981), (1, -1.6665967615999988), (3, -1.6664919039999986), (2, -1.4941424040237647)]",0,0,True
output/skgrid_gr9/,1.0,DP,"[(0, -14), (1, -11), (3, -10), (2, -2)]",0,0,True
output/skgrid_gr9/,1.0,KL,"[(0, 0.4269908716476948), (1, 0.4680986058214413), (3, 0.47485467345525445), (2, 6.619748402797591)]",0,0,True
output/skgrid_gr9/,1.0,KL2,"[(0, 0.4269537854668991), (3, 0.6248546920036294), (1, 0.7963183200910177), (2, 3.7384010257197398)]",0,0,True
output/skgrid_gr10/,0.1,MaxUtil,"[(2, -1.000000087786454), (3, -0.06465535999999987), (0, -0.02586214399999995), (1, -0.0016551772159999947)]",0,2,False
output/skgrid_gr10/,0.1,DP,"[(0, -2), (1, -2), (3, -2), (2, -1)]",0,3,False
output/skgrid_gr10/,0.1,KL,"[(1, 0.30733136746025785), (0, 0.30733136746827444), (3, 0.3073313674682758), (2, 7.492510671052296)]",0,1,False
output/skgrid_gr10/,0.1,KL2,"[(1, 0.30730069341928784), (0, 0.3073006934273045), (3, 0.3073006934273057), (2, 7.492460846415978)]",0,1,False
output/skgrid_gr10/,0.3,MaxUtil,"[(0, -1.0687513599999994), (3, -0.17187839999999976), (1, -0.06840008703999986), (2, -0.0066590423461735946)]",0,0,True
output/skgrid_gr10/,0.3,DP,"[(0, -4), (1, -4), (3, -3), (2, 0)]",0,1,False
output/skgrid_gr10/,0.3,KL,"[(0, 0.44180274112471246), (1, 0.4418027411490443), (3, 0.4555576783405606), (2, 5.997475109300625)]",0,0,True
output/skgrid_gr10/,0.3,KL2,"[(0, 0.4417592152897811), (1, 0.44175921531411266), (3, 0.841618528234734), (2, 1.9993270035191886)]",0,0,True
output/skgrid_gr10/,0.5,MaxUtil,"[(2, -1.1242548270735704), (3, -0.6389913599999992), (0, -0.2555965439999996), (1, -0.016358178815999967)]",0,2,False
output/skgrid_gr10/,0.5,DP,"[(0, -6), (1, -6), (3, -6), (2, -1)]",0,3,False
output/skgrid_gr10/,0.5,KL,"[(1, 0.4244888242973473), (0, 0.42448882430198936), (3, 0.4244888243020342), (2, 6.1014775416160605)]",0,1,False
output/skgrid_gr10/,0.5,KL2,"[(1, 0.4244467678646613), (0, 0.42444676786930335), (3, 0.4244467678693482), (2, 4.067609420992971)]",0,1,False
output/skgrid_gr10/,0.7,MaxUtil,"[(3, -1.6406297599999986), (2, -1.1242548270735704), (0, -0.6562519039999992), (1, -0.042000121855999925)]",0,3,False
output/skgrid_gr10/,0.7,DP,"[(0, -8), (1, -8), (3, -8), (2, -1)]",0,3,False
output/skgrid_gr10/,0.7,KL,"[(3, 0.4185011006181814), (1, 0.4185011006189056), (0, 0.41850110061963297), (2, 6.1014775416160605)]",0,3,False
output/skgrid_gr10/,0.7,KL2,"[(3, 0.4184597322833371), (1, 0.41845973228406125), (0, 0.4184597322847886), (2, 3.3006990503966858)]",0,3,False
output/skgrid_gr10/,1.0,MaxUtil,"[(0, -1.6665967615999988), (3, -1.6664919039999764), (2, -1.5244135424786047), (1, -0.10666219274239774)]",0,0,True
output/skgrid_gr10/,1.0,DP,"[(0, -11), (1, -11), (3, -10), (2, -2)]",0,1,False
output/skgrid_gr10/,1.0,KL,"[(0, 0.4680986058200504), (1, 0.46809860584902635), (3, 0.47485467345908344), (2, 5.691261369319645)]",0,0,True
output/skgrid_gr10/,1.0,KL2,"[(0, 0.4680589863283602), (1, 0.468058986357336), (3, 0.6134623728581111), (2, 3.2861059697029145)]",0,0,True
